{"schemaVersion":"1.0","appDefinitionTemplate":{"id":"/providers/Microsoft.PowerApps/apps/","type":"Microsoft.PowerApps/apps","tags":{"primaryDeviceWidth":"640","primaryDeviceHeight":"1136","sienaVersion":"20200806T020321Z-3.20071.24.0","deviceCapabilities":"","supportsPortrait":"true","supportsLandscape":"false","primaryFormFactor":"Phone","publisherVersion":"3.20071.24","minimumRequiredApiVersion":"2.2.0","hasComponent":"false","hasUnlockedComponent":"false","isUnifiedRootApp":"false"},"properties":{"appVersion":"2020-08-06T02:03:21Z","lifeCycleId":"Published","createdByClientVersion":{"major":3,"minor":20071,"build":24,"revision":0,"majorRevision":0,"minorRevision":0},"minClientVersion":{"major":3,"minor":20071,"build":24,"revision":0,"majorRevision":0,"minorRevision":0},"backgroundColor":"rgba(0, 176, 240, 1)","backgroundImageUri":"/4026559648543272002/N9d6e2c35-a567-4ccf-b0e5-2d3b8d03ff43-logoSmallFile","displayName":"ACNH Viewer","description":"","commitMessage":"","appUris":{"documentUri":{"value":"/4026559648543272002/N686c60e4-65ed-4819-8fcf-0304cd02f521-document.msapp","readonlyValue":"/4026559648543272002/N686c60e4-65ed-4819-8fcf-0304cd02f521-document.msapp"},"imageUris":[]},"createdTime":"0001-01-01T00:00:00Z","lastModifiedTime":"0001-01-01T00:00:00Z","sharedGroupsCount":0,"sharedUsersCount":0,"icons":{"smallIconUri":"/4026559648543272002/Na6dc4c89-4160-478d-b565-e356d033fced-small.png","mediumIconUri":"/4026559648543272002/N7218c8cd-6ff6-4d78-a202-014368e0d293-medium.png","largeIconUri":"/4026559648543272002/N9a8f3665-60be-4725-8360-7bba64e6a9c3-large.png","wideIconUri":"/4026559648543272002/Nb9326c8d-ab3f-4a9e-b2b5-60d1a963ffed-wide.png"},"connectionReferences":{"a77edd97-cfeb-4dce-948c-fd0050bcdd0b":{"id":"3ffb0380-7a04-4293-8870-8d695564529c","displayName":"AnimalCrossing","iconUri":"https://az787822.vo.msecnd.net/defaulticons/api-dedicated.png","dataSources":["AnimalCrossing"],"dependencies":[],"dependents":[],"parameterHints":{},"isOnPremiseConnection":false,"bypassConsent":false,"dataSets":{},"apiTier":"Standard","isCustomApiConnection":true}},"databaseReferences":{},"almMode":"Environment","performanceOptimizationEnabled":true,"canConsumeAppPass":true},"isAppComponentLibrary":false,"appType":"ClassicCanvasApp","appComponents":[]}}