{"schemaVersion":"1.0","appDefinitionTemplate":{"id":"/providers/Microsoft.PowerApps/apps/","type":"Microsoft.PowerApps/apps","tags":{"primaryDeviceWidth":"640","primaryDeviceHeight":"1136","sienaVersion":"20200802T083638Z-3.20073.23.0","deviceCapabilities":"","supportsPortrait":"true","supportsLandscape":"false","primaryFormFactor":"Phone","publisherVersion":"3.20053.26","minimumRequiredApiVersion":"2.2.0","hasComponent":"false","hasUnlockedComponent":"false","isUnifiedRootApp":"false"},"properties":{"appVersion":"2020-08-02T08:36:38Z","lifeCycleId":"Published","createdByClientVersion":{"major":3,"minor":20053,"build":26,"revision":0,"majorRevision":0,"minorRevision":0},"minClientVersion":{"major":3,"minor":20053,"build":26,"revision":0,"majorRevision":0,"minorRevision":0},"backgroundColor":"rgba(0, 176, 240, 1)","backgroundImageUri":"/4026559648543272002/N9611fbf3-ce37-4f6f-8d4f-95044ba01058-logoSmallFile","displayName":"ACNH Viewer","description":"","commitMessage":"","appUris":{"documentUri":{"value":"/4026559648543272002/Nbf9a3065-3e7f-4b7d-a33c-8c8a1330cee2-document.msapp","readonlyValue":"/4026559648543272002/Nbf9a3065-3e7f-4b7d-a33c-8c8a1330cee2-document.msapp"},"imageUris":[]},"createdTime":"0001-01-01T00:00:00Z","lastModifiedTime":"0001-01-01T00:00:00Z","sharedGroupsCount":0,"sharedUsersCount":0,"icons":{"smallIconUri":"/4026559648543272002/N0d964dee-a77f-4012-abe7-3ff51b15f407-small.png","mediumIconUri":"/4026559648543272002/Nba619c31-16de-4b76-b2d0-9037a084850e-medium.png","largeIconUri":"/4026559648543272002/N0e9bae80-7c55-4702-b730-6279fc159049-large.png","wideIconUri":"/4026559648543272002/N95783950-e58d-41dd-8fd0-ca36db71b812-wide.png"},"connectionReferences":{"a77edd97-cfeb-4dce-948c-fd0050bcdd0b":{"id":"3ffb0380-7a04-4293-8870-8d695564529c","displayName":"AnimalCrossing","iconUri":"https://az787822.vo.msecnd.net/defaulticons/api-dedicated.png","dataSources":["AnimalCrossing"],"dependencies":[],"dependents":[],"parameterHints":{},"isOnPremiseConnection":false,"bypassConsent":false,"dataSets":{},"apiTier":"Standard","isCustomApiConnection":true}},"databaseReferences":{},"almMode":"Environment","performanceOptimizationEnabled":true,"canConsumeAppPass":true},"isAppComponentLibrary":false,"appType":"ClassicCanvasApp","appComponents":[]}}