{"schemaVersion":"1.0","appDefinitionTemplate":{"id":"/providers/Microsoft.PowerApps/apps/","type":"Microsoft.PowerApps/apps","tags":{"primaryDeviceWidth":"640","primaryDeviceHeight":"1136","sienaVersion":"20200815T105138Z-3.20071.24.0","deviceCapabilities":"","supportsPortrait":"true","supportsLandscape":"false","primaryFormFactor":"Phone","publisherVersion":"3.20071.24","minimumRequiredApiVersion":"2.2.0","hasComponent":"false","hasUnlockedComponent":"false","isUnifiedRootApp":"false"},"properties":{"appVersion":"2020-08-15T10:51:38Z","lifeCycleId":"Published","createdByClientVersion":{"major":3,"minor":20071,"build":24,"revision":0,"majorRevision":0,"minorRevision":0},"minClientVersion":{"major":3,"minor":20071,"build":24,"revision":0,"majorRevision":0,"minorRevision":0},"backgroundColor":"rgba(0, 134, 208, 1)","backgroundImageUri":"/5240869652328842144/N9c659981-6a81-431e-9a61-7caaa4e6fb6e-logoSmallFile","displayName":"Chess","description":"","commitMessage":"v1 Chess","appUris":{"documentUri":{"value":"/5240869652328842144/N3500aa3b-e90a-4b64-8e18-5075418b6970-document.msapp","readonlyValue":"/5240869652328842144/N3500aa3b-e90a-4b64-8e18-5075418b6970-document.msapp"},"imageUris":[]},"createdTime":"0001-01-01T00:00:00Z","lastModifiedTime":"0001-01-01T00:00:00Z","sharedGroupsCount":0,"sharedUsersCount":0,"icons":{"smallIconUri":"/5240869652328842144/Ncb35e94b-0de7-47ac-9d3b-4daaebb51d63-small.png","mediumIconUri":"/5240869652328842144/N95971a56-ab6d-4567-86f5-972c3e25ba46-medium.png","largeIconUri":"/5240869652328842144/Ne13c9e70-1177-424d-a6ab-6eda3fdc2c49-large.png","wideIconUri":"/5240869652328842144/N0d1fc7c2-85b3-498d-8ec4-9875eb76351c-wide.png"},"connectionReferences":{"2c0b34df-31ad-4892-9282-27c00926d173":{"id":"d47f5e6c-5581-48ad-b1b2-b1baac00ae82","displayName":"Office 365 Users","iconUri":"https://connectoricons-prod.azureedge.net/releases/v1.0.1381/1.0.1381.2096/office365users/icon.png","dataSources":["Office365Users"],"dependencies":[],"dependents":["a68abb65-db51-4e6f-bed8-4319b4f0ffd5"],"parameterHints":{},"isOnPremiseConnection":false,"bypassConsent":false,"dataSets":{},"apiTier":"Standard","isCustomApiConnection":false},"dbc5ed94-aac4-4765-96ea-1bb23699369c":{"id":"fba85438-57f8-4e95-a89a-80fcca56f197","displayName":"SharePoint","iconUri":"https://connectoricons-prod.azureedge.net/releases/v1.0.1371/1.0.1371.2074/sharepointonline/icon.png","dataSources":["GameList","GamePlayerData","GameServer"],"dependencies":[],"dependents":[],"parameterHints":{},"isOnPremiseConnection":false,"bypassConsent":false,"dataSets":{"https://mrdang.sharepoint.com/":{"dataSources":{"GameList":{"tableName":"64d99955-6e43-4b6c-91f8-cacc549f0045"},"GamePlayerData":{"tableName":"ab6c5b7d-0080-45a4-bc1c-46d73f248569"},"GameServer":{"tableName":"1e26defd-f17b-4219-b534-d5cfebc4c5a0"}}}},"apiTier":"Standard","isCustomApiConnection":false},"a68abb65-db51-4e6f-bed8-4319b4f0ffd5":{"id":"250294be-17b6-40f0-9705-55d9bae0a972","displayName":"Logic flows","iconUri":"https://resourcestackdeploy.blob.core.windows.net/scripts/13276078.png","dataSources":["Chess.Invite"],"dependencies":["2c0b34df-31ad-4892-9282-27c00926d173","a3e7e153-fb54-41b1-8779-823b7b32daa4"],"dependents":[],"parameterHints":{"workflowName":{"value":"bb4ef7d6-f32f-4e23-9708-5dfa942d77b4"},"2c0b34df-31ad-4892-9282-27c00926d173":{"value":"shared_office365users"},"a3e7e153-fb54-41b1-8779-823b7b32daa4":{"value":"shared_teams"}},"isOnPremiseConnection":false,"bypassConsent":false,"dataSets":{},"apiTier":"Standard","isCustomApiConnection":false},"a3e7e153-fb54-41b1-8779-823b7b32daa4":{"id":"f09e9cb1-694b-48e3-a94e-b4d997dd860a","displayName":"Microsoft Teams","iconUri":"https://connectoricons-prod.azureedge.net/releases/v1.0.1380/1.0.1380.2095/teams/icon.png","dataSources":[],"dependencies":[],"dependents":["a68abb65-db51-4e6f-bed8-4319b4f0ffd5"],"parameterHints":{},"isOnPremiseConnection":false,"bypassConsent":false,"dataSets":{},"apiTier":"Standard","isCustomApiConnection":false},"d5c8ec0d-e0f7-4f97-a3d7-d55a07abad26":{"id":"00ea8ac4-f065-4510-9ec2-22a011406a04","displayName":"Power Apps Notification","iconUri":"https://connectoricons-prod.azureedge.net/releases/v1.0.1378/1.0.1378.2088/powerappsnotification/icon.png","dataSources":["PowerAppsNotification"],"dependencies":[],"dependents":[],"parameterHints":{},"isOnPremiseConnection":false,"sharedConnectionId":"3c6e3b1c-7066-43ba-a6ff-9d60a7f6afd0","bypassConsent":false,"dataSets":{},"apiTier":"Standard","isCustomApiConnection":false}},"databaseReferences":{},"almMode":"Environment","performanceOptimizationEnabled":false,"canConsumeAppPass":true},"isAppComponentLibrary":false,"appType":"ClassicCanvasApp","appComponents":[]}}