{"schemaVersion":"1.0","appDefinitionTemplate":{"id":"/providers/Microsoft.PowerApps/apps/","type":"Microsoft.PowerApps/apps","tags":{"primaryDeviceWidth":"640","primaryDeviceHeight":"1136","sienaVersion":"20200807T191705Z-3.20071.24.0","deviceCapabilities":"","supportsPortrait":"true","supportsLandscape":"false","primaryFormFactor":"Phone","publisherVersion":"3.20071.24","minimumRequiredApiVersion":"2.2.0","hasComponent":"false","hasUnlockedComponent":"false","isUnifiedRootApp":"false"},"properties":{"appVersion":"2020-08-07T19:17:05Z","lifeCycleId":"Published","createdByClientVersion":{"major":3,"minor":20071,"build":24,"revision":0,"majorRevision":0,"minorRevision":0},"minClientVersion":{"major":3,"minor":20071,"build":24,"revision":0,"majorRevision":0,"minorRevision":0},"backgroundColor":"rgba(105, 180, 69, 1)","backgroundImageUri":"/4026559648543272002/N51920b4a-9bcf-4cfa-894e-a1b39841b6e6-logoSmallFile","displayName":"Nookidex","description":"","commitMessage":"","appUris":{"documentUri":{"value":"/4026559648543272002/Nd5433979-aade-4493-a660-db6e97730560-document.msapp","readonlyValue":"/4026559648543272002/Nd5433979-aade-4493-a660-db6e97730560-document.msapp"},"imageUris":[]},"createdTime":"0001-01-01T00:00:00Z","lastModifiedTime":"0001-01-01T00:00:00Z","sharedGroupsCount":0,"sharedUsersCount":0,"icons":{"smallIconUri":"/4026559648543272002/N3bf6d8c9-e2f8-4e1c-8b46-12bbfdd9ae32-small.png","mediumIconUri":"/4026559648543272002/N242e48e7-e1c2-472c-ab3c-0a2fb91cbda0-medium.png","largeIconUri":"/4026559648543272002/Nf0ad3a70-98b2-4285-8f2d-8a110f93565a-large.png","wideIconUri":"/4026559648543272002/Ncd7becae-ae87-47c0-99df-728f5ab24ea4-wide.png"},"connectionReferences":{"a77edd97-cfeb-4dce-948c-fd0050bcdd0b":{"id":"3ffb0380-7a04-4293-8870-8d695564529c","displayName":"AnimalCrossing","iconUri":"https://az787822.vo.msecnd.net/defaulticons/api-dedicated.png","dataSources":["AnimalCrossing"],"dependencies":[],"dependents":[],"parameterHints":{},"isOnPremiseConnection":false,"bypassConsent":false,"dataSets":{},"apiTier":"Standard","isCustomApiConnection":true}},"databaseReferences":{},"almMode":"Environment","performanceOptimizationEnabled":true,"canConsumeAppPass":true},"isAppComponentLibrary":false,"appType":"ClassicCanvasApp","appComponents":[]}}