{"name":"732fa334-1bd3-4e1a-94e5-7d0a9b49f14d","id":"/providers/Microsoft.Flow/flows/732fa334-1bd3-4e1a-94e5-7d0a9b49f14d","type":"Microsoft.Flow/flows","properties":{"apiId":"/providers/Microsoft.PowerApps/apis/shared_logicflows","displayName":"Chess.Invite","definition":{"metadata":{"workflowEntityId":null,"flowclientsuspensionreason":"None","flowclientsuspensiontime":null,"creator":{"id":"25fc5d1b-95e0-44bc-b0a5-b19e06eb9181","type":"User","tenantId":"572c4e0f-cb5b-4ca0-ab6a-52719ea821c9"},"provisioningMethod":"FromDefinition","failureAlertSubscription":true,"clientLastModifiedTime":"2020-08-15T21:32:23.5901605Z"},"$schema":"https://schema.management.azure.com/providers/Microsoft.Logic/schemas/2016-06-01/workflowdefinition.json#","contentVersion":"1.0.0.0","parameters":{"$connections":{"defaultValue":{},"type":"Object"},"$authentication":{"defaultValue":{},"type":"SecureObject"}},"triggers":{"manual":{"type":"Request","kind":"PowerApp","inputs":{"schema":{"type":"object","properties":{"Recipients_Value":{"type":"string","description":"Enter initial value","x-ms-powerflows-param-ispartial":false},"Host_Value":{"type":"string","description":"Enter initial value","x-ms-powerflows-param-ispartial":false},"AppId_Value":{"type":"string","description":"Enter initial value","x-ms-powerflows-param-ispartial":false},"MatchId_Value":{"type":"string","description":"Enter initial value","x-ms-powerflows-param-ispartial":false},"TenantId_Value":{"type":"string","description":"Enter initial value","x-ms-powerflows-param-ispartial":false}},"required":["Recipients_Value","Host_Value","AppId_Value","MatchId_Value","TenantId_Value"]}}}},"actions":{"Recipients":{"runAfter":{"Match_Id":["Succeeded"]},"type":"InitializeVariable","inputs":{"variables":[{"name":"varRecipients","type":"string","value":"@triggerBody()['Recipients_Value']"}]}},"Compose":{"runAfter":{"Convert_time_zone":["Succeeded"]},"type":"Compose","inputs":"@split(triggerBody()['Recipients_Value'],',')"},"Apply_to_each":{"foreach":"@outputs('Compose')","actions":{"Get_user_profile_(V2)":{"runAfter":{},"metadata":{"flowSystemMetadata":{"swaggerOperationId":"UserProfile_V2"}},"type":"ApiConnection","inputs":{"host":{"connection":{"name":"@json(decodeBase64(triggerOutputs().headers['X-MS-APIM-Tokens']))['$connections']['shared_office365users']['connectionId']"},"api":{"runtimeUrl":"https://flow-apim-msmanaged-na-eastus2-01.azure-apim.net/apim/office365users"}},"method":"get","path":"/codeless/v1.0/users/@{encodeURIComponent(item())}","queries":{"$select":"userPrincipalName"},"authentication":{"type":"Raw","value":"@json(decodeBase64(triggerOutputs().headers['X-MS-APIM-Tokens']))['$ConnectionKey']"}}},"Post_your_own_adaptive_card_as_the_Flow_bot_to_a_user":{"runAfter":{"Get_user_profile_(V2)":["Succeeded"]},"metadata":{"flowSystemMetadata":{"swaggerOperationId":"PostUserAdaptiveCard"}},"type":"ApiConnection","inputs":{"host":{"connection":{"name":"@json(decodeBase64(triggerOutputs().headers['X-MS-APIM-Tokens']))['$connections']['shared_teams']['connectionId']"},"api":{"runtimeUrl":"https://flow-apim-msmanaged-na-centralus-01.azure-apim.net/apim/teams"}},"method":"post","body":{"recipient":{"to":"@{body('Get_user_profile_(V2)')?['userPrincipalName']};"},"messageBody":"{\n    \"$schema\": \"http://adaptivecards.io/schemas/adaptive-card.json\",\n    \"type\": \"AdaptiveCard\",\n    \"version\": \"1.0\",\n    \"body\": [\n        {\n            \"type\": \"TextBlock\",\n            \"text\": \"You have been challenged to a game of chess!\",\n            \"weight\": \"Bolder\",\n            \"size\": \"Medium\"\n        },\n        {\n            \"type\": \"ColumnSet\",\n            \"columns\": [\n                {\n                    \"type\": \"Column\",\n                    \"width\": \"stretch\",\n                    \"items\": [\n                        {\n                            \"type\": \"TextBlock\",\n                            \"text\": \"@{variables('varHost')}\",\n                            \"weight\": \"Bolder\",\n                            \"wrap\": true\n                        },\n                        {\n                            \"type\": \"TextBlock\",\n                            \"spacing\": \"None\",\n                            \"text\": \"@{body('Convert_time_zone')}\",\n                            \"isSubtle\": true,\n                            \"wrap\": true\n                        }\n                    ]\n                }\n            ]\n        },\n        {\n            \"type\": \"TextBlock\",\n            \"text\": \"Make your move!\",\n            \"wrap\": true\n        },\n        {\n            \"type\": \"ActionSet\",\n            \"actions\": [\n                {\n                    \"type\": \"Action.OpenUrl\",\n                    \"title\": \"Play!\",\n                    \"url\": \"https://apps.powerapps.com/play/@{variables('varAppId')}?matchid=@{variables('varMatchId')}@{if(equals(variables('varTenantId'),''),'',concat('&tenantid=',variables('varTenantId')))}\"\n                }\n            ]\n        }\n    ]\n}"},"path":"/flowbot/actions/adaptivecard/recipienttypes/user","authentication":{"type":"Raw","value":"@json(decodeBase64(triggerOutputs().headers['X-MS-APIM-Tokens']))['$ConnectionKey']"}}}},"runAfter":{"Compose":["Succeeded"]},"type":"Foreach"},"App_Id":{"runAfter":{"Host":["Succeeded"]},"type":"InitializeVariable","inputs":{"variables":[{"name":"varAppId","type":"string","value":"@triggerBody()['AppId_Value']"}]}},"Host":{"runAfter":{},"type":"InitializeVariable","inputs":{"variables":[{"name":"varHost","type":"string","value":"@triggerBody()['Host_Value']"}]}},"Current_time":{"runAfter":{"Recipients":["Succeeded"]},"type":"Expression","kind":"CurrentTime","inputs":{}},"Convert_time_zone":{"runAfter":{"Current_time":["Succeeded"]},"type":"Expression","kind":"ConvertTimeZone","inputs":{"baseTime":"@body('Current_time')","formatString":"g","sourceTimeZone":"UTC","destinationTimeZone":"Pacific Standard Time"}},"Match_Id":{"runAfter":{"Tenant_Id":["Succeeded"]},"type":"InitializeVariable","inputs":{"variables":[{"name":"varMatchId","type":"string","value":"@triggerBody()['MatchId_Value']"}]}},"Tenant_Id":{"runAfter":{"App_Id":["Succeeded"]},"type":"InitializeVariable","inputs":{"variables":[{"name":"varTenantId","type":"string","value":"@triggerBody()['TenantId_Value']"}]}}},"outputs":{},"description":"Create one or more actions to happen when a button or link in PowerApps is selected. To use this flow from a PowerApp, select the control you want to trigger the flow and go to the Action tab in the PowerApps ribbon and select Flows."},"connectionReferences":{"shared_office365users":{"connectionName":"2a14f6eb354b44a5affee169b9f69879","source":"Invoker","id":"/providers/Microsoft.PowerApps/apis/shared_office365users","tier":"NotSpecified"},"shared_teams":{"connectionName":"352d01a85f6e4a2dba960fb8f80282f9","source":"Invoker","id":"/providers/Microsoft.PowerApps/apis/shared_teams","tier":"NotSpecified"}},"flowFailureAlertSubscribed":false}}