{"name":"9d099f02-fb84-435f-960f-dfd89a508d4e","id":"/providers/Microsoft.Flow/flows/9d099f02-fb84-435f-960f-dfd89a508d4e","type":"Microsoft.Flow/flows","properties":{"apiId":"/providers/Microsoft.PowerApps/apis/shared_logicflows","displayName":"Chess.Deploy","definition":{"metadata":{"workflowEntityId":null,"flowclientsuspensionreason":"None","flowclientsuspensiontime":null,"creator":{"id":"25fc5d1b-95e0-44bc-b0a5-b19e06eb9181","type":"User","tenantId":"572c4e0f-cb5b-4ca0-ab6a-52719ea821c9"},"provisioningMethod":"FromDefinition","failureAlertSubscription":true,"clientLastModifiedTime":"2020-08-15T09:33:34.1314133Z"},"$schema":"https://schema.management.azure.com/providers/Microsoft.Logic/schemas/2016-06-01/workflowdefinition.json#","contentVersion":"1.0.0.0","parameters":{"$connections":{"defaultValue":{},"type":"Object"},"$authentication":{"defaultValue":{},"type":"SecureObject"}},"triggers":{"manual":{"type":"Request","kind":"Button","inputs":{"schema":{"type":"object","properties":{},"required":[]}}}},"actions":{"Initialize_variable":{"runAfter":{},"type":"InitializeVariable","inputs":{"variables":[{"name":"varSitePrefix","type":"string","value":"https://mrdang.sharepoint.com/"}]}},"Scope_-_GameList":{"actions":{"GameList_-_Name":{"runAfter":{},"type":"Compose","inputs":"GameList"},"GameList":{"runAfter":{"GameList_-_Name":["Succeeded"]},"metadata":{"flowSystemMetadata":{"swaggerOperationId":"HttpRequest"}},"type":"ApiConnection","inputs":{"host":{"connection":{"name":"@json(decodeBase64(triggerOutputs().headers['X-MS-APIM-Tokens']))['$connections']['shared_sharepointonline']['connectionId']"},"api":{"runtimeUrl":"https://flow-apim-msmanaged-na-centralus-01.azure-apim.net/apim/sharepointonline"}},"method":"post","body":{"method":"POST","uri":"/_api/web/lists","headers":{"Accept":"application/json;odata=verbose","Content-Type":"application/json;odata=verbose"},"body":"{\n  \"__metadata\": {\"type\": \"SP.List\"},\n  \"AllowContentTypes\": true,\n  \"BaseTemplate\": 100,\n \"Description\": \"List of all hosted games\",\n \"Title\": \"@{outputs('GameList_-_Name')}\"\n}"},"path":"/datasets/@{encodeURIComponent(encodeURIComponent(variables('varSitePrefix')))}/httprequest","authentication":{"type":"Raw","value":"@json(decodeBase64(triggerOutputs().headers['X-MS-APIM-Tokens']))['$ConnectionKey']"}}},"GameList_-_AppId":{"runAfter":{"GameList":["Succeeded"]},"metadata":{"flowSystemMetadata":{"swaggerOperationId":"HttpRequest"}},"type":"ApiConnection","inputs":{"host":{"connection":{"name":"@json(decodeBase64(triggerOutputs().headers['X-MS-APIM-Tokens']))['$connections']['shared_sharepointonline']['connectionId']"},"api":{"runtimeUrl":"https://flow-apim-msmanaged-na-centralus-01.azure-apim.net/apim/sharepointonline"}},"method":"post","body":{"method":"POST","uri":"_api/lists/getbytitle('@{outputs('GameList_-_Name')}')/fields","headers":{"Accept":"application/json;odata=verbose","Content-Type":"application/json;odata=verbose"},"body":"{\n    '__metadata': {'type':'SP.FieldText', 'addToDefaultView': 'true' },\n    'FieldTypeKind': 2,\n    'Title': 'AppId'\n}"},"path":"/datasets/@{encodeURIComponent(encodeURIComponent(variables('varSitePrefix')))}/httprequest","authentication":{"type":"Raw","value":"@json(decodeBase64(triggerOutputs().headers['X-MS-APIM-Tokens']))['$ConnectionKey']"}}},"GameList_-_AppId_-_Default_view":{"runAfter":{"GameList_-_AppId":["Succeeded"]},"metadata":{"flowSystemMetadata":{"swaggerOperationId":"HttpRequest"}},"type":"ApiConnection","inputs":{"host":{"connection":{"name":"@json(decodeBase64(triggerOutputs().headers['X-MS-APIM-Tokens']))['$connections']['shared_sharepointonline']['connectionId']"},"api":{"runtimeUrl":"https://flow-apim-msmanaged-na-centralus-01.azure-apim.net/apim/sharepointonline"}},"method":"post","body":{"method":"POST","uri":"_api/web/lists/GetByTitle('@{outputs('GameList_-_Name')}')/views/getbytitle('All Items')/ViewFields/AddViewField('AppId')","headers":{"Accept":"application/json;odata=verbose","Content-Type":"application/json;odata=verbose"}},"path":"/datasets/@{encodeURIComponent(encodeURIComponent(variables('varSitePrefix')))}/httprequest","authentication":{"type":"Raw","value":"@json(decodeBase64(triggerOutputs().headers['X-MS-APIM-Tokens']))['$ConnectionKey']"}}}},"runAfter":{"Initialize_variable":["Succeeded"]},"type":"Scope"},"Scope_-_GameServer":{"actions":{"GameServer_-_AppId":{"runAfter":{"GameServer":["Succeeded"]},"metadata":{"flowSystemMetadata":{"swaggerOperationId":"HttpRequest"}},"type":"ApiConnection","inputs":{"host":{"connection":{"name":"@json(decodeBase64(triggerOutputs().headers['X-MS-APIM-Tokens']))['$connections']['shared_sharepointonline']['connectionId']"},"api":{"runtimeUrl":"https://flow-apim-msmanaged-na-centralus-01.azure-apim.net/apim/sharepointonline"}},"method":"post","body":{"method":"POST","uri":"_api/lists/getbytitle('@{outputs('GameServer_-_Name')}')/fields","headers":{"Accept":"application/json;odata=verbose","Content-Type":"application/json;odata=verbose"},"body":"{\n    '__metadata': {'type':'SP.FieldText', 'addToDefaultView': 'true' },\n    'FieldTypeKind': 2,\n    'Title': 'AppId'\n}"},"path":"/datasets/@{encodeURIComponent(encodeURIComponent(variables('varSitePrefix')))}/httprequest","authentication":{"type":"Raw","value":"@json(decodeBase64(triggerOutputs().headers['X-MS-APIM-Tokens']))['$ConnectionKey']"}}},"GameServer_-_Name":{"runAfter":{},"type":"Compose","inputs":"GameServer"},"GameServer":{"runAfter":{"GameServer_-_Name":["Succeeded"]},"metadata":{"flowSystemMetadata":{"swaggerOperationId":"HttpRequest"}},"type":"ApiConnection","inputs":{"host":{"connection":{"name":"@json(decodeBase64(triggerOutputs().headers['X-MS-APIM-Tokens']))['$connections']['shared_sharepointonline']['connectionId']"},"api":{"runtimeUrl":"https://flow-apim-msmanaged-na-centralus-01.azure-apim.net/apim/sharepointonline"}},"method":"post","body":{"method":"POST","uri":"/_api/web/lists","headers":{"Accept":"application/json;odata=verbose","Content-Type":"application/json;odata=verbose"},"body":"{\n  \"__metadata\": {\"type\": \"SP.List\"},\n  \"AllowContentTypes\": true,\n  \"BaseTemplate\": 100,\n \"Description\": \"List of all hosted games\",\n \"Title\": \"@{outputs('GameServer_-_Name')}\"\n}"},"path":"/datasets/@{encodeURIComponent(encodeURIComponent(variables('varSitePrefix')))}/httprequest","authentication":{"type":"Raw","value":"@json(decodeBase64(triggerOutputs().headers['X-MS-APIM-Tokens']))['$ConnectionKey']"}}},"GameServer_-_Host":{"runAfter":{"GameServer_-_AppId_-_Default_view":["Succeeded"]},"metadata":{"flowSystemMetadata":{"swaggerOperationId":"HttpRequest"}},"type":"ApiConnection","inputs":{"host":{"connection":{"name":"@json(decodeBase64(triggerOutputs().headers['X-MS-APIM-Tokens']))['$connections']['shared_sharepointonline']['connectionId']"},"api":{"runtimeUrl":"https://flow-apim-msmanaged-na-centralus-01.azure-apim.net/apim/sharepointonline"}},"method":"post","body":{"method":"POST","uri":"_api/lists/getbytitle('@{outputs('GameServer_-_Name')}')/fields","headers":{"Accept":"application/json;odata=verbose","Content-Type":"application/json;odata=verbose"},"body":"{\n    '__metadata': {'type':'SP.FieldText', 'addToDefaultView': 'true' },\n    'FieldTypeKind': 2,\n    'Title': 'Host'\n}"},"path":"/datasets/@{encodeURIComponent(encodeURIComponent(variables('varSitePrefix')))}/httprequest","authentication":{"type":"Raw","value":"@json(decodeBase64(triggerOutputs().headers['X-MS-APIM-Tokens']))['$ConnectionKey']"}}},"GameServer_-_Players":{"runAfter":{"GameServer_-_Host_-_Default_view":["Succeeded"]},"metadata":{"flowSystemMetadata":{"swaggerOperationId":"HttpRequest"}},"type":"ApiConnection","inputs":{"host":{"connection":{"name":"@json(decodeBase64(triggerOutputs().headers['X-MS-APIM-Tokens']))['$connections']['shared_sharepointonline']['connectionId']"},"api":{"runtimeUrl":"https://flow-apim-msmanaged-na-centralus-01.azure-apim.net/apim/sharepointonline"}},"method":"post","body":{"method":"POST","uri":"_api/lists/getbytitle('@{outputs('GameServer_-_Name')}')/fields","headers":{"Accept":"application/json;odata=verbose","Content-Type":"application/json;odata=verbose"},"body":"{\n    '__metadata': {'type':'SP.FieldText', 'addToDefaultView': 'true' },\n    'FieldTypeKind': 2,\n    'Title': 'Players'\n}"},"path":"/datasets/@{encodeURIComponent(encodeURIComponent(variables('varSitePrefix')))}/httprequest","authentication":{"type":"Raw","value":"@json(decodeBase64(triggerOutputs().headers['X-MS-APIM-Tokens']))['$ConnectionKey']"}}},"GameServer_-_ActivePlayer":{"runAfter":{"GameServer_-_Players_-_Default_view":["Succeeded"]},"metadata":{"flowSystemMetadata":{"swaggerOperationId":"HttpRequest"}},"type":"ApiConnection","inputs":{"host":{"connection":{"name":"@json(decodeBase64(triggerOutputs().headers['X-MS-APIM-Tokens']))['$connections']['shared_sharepointonline']['connectionId']"},"api":{"runtimeUrl":"https://flow-apim-msmanaged-na-centralus-01.azure-apim.net/apim/sharepointonline"}},"method":"post","body":{"method":"POST","uri":"_api/lists/getbytitle('@{outputs('GameServer_-_Name')}')/fields","headers":{"Accept":"application/json;odata=verbose","Content-Type":"application/json;odata=verbose"},"body":"{\n    '__metadata': {'type':'SP.FieldText', 'addToDefaultView': 'true' },\n    'FieldTypeKind': 2,\n    'Title': 'ActivePlayer'\n}"},"path":"/datasets/@{encodeURIComponent(encodeURIComponent(variables('varSitePrefix')))}/httprequest","authentication":{"type":"Raw","value":"@json(decodeBase64(triggerOutputs().headers['X-MS-APIM-Tokens']))['$ConnectionKey']"}}},"GameServer_-_GameData":{"runAfter":{"GameServer_-_ActivePlayer_-_Default_view":["Succeeded"]},"metadata":{"flowSystemMetadata":{"swaggerOperationId":"HttpRequest"}},"type":"ApiConnection","inputs":{"host":{"connection":{"name":"@json(decodeBase64(triggerOutputs().headers['X-MS-APIM-Tokens']))['$connections']['shared_sharepointonline']['connectionId']"},"api":{"runtimeUrl":"https://flow-apim-msmanaged-na-centralus-01.azure-apim.net/apim/sharepointonline"}},"method":"post","body":{"method":"POST","uri":"_api/lists/getbytitle('@{outputs('GameServer_-_Name')}')/fields","headers":{"Accept":"application/json;odata=verbose","Content-Type":"application/json;odata=verbose"},"body":"{\n    '__metadata': {'type':'SP.FieldText', 'addToDefaultView': 'true' },\n    'FieldTypeKind': 3,\n    'Title': 'GameData'\n}"},"path":"/datasets/@{encodeURIComponent(encodeURIComponent(variables('varSitePrefix')))}/httprequest","authentication":{"type":"Raw","value":"@json(decodeBase64(triggerOutputs().headers['X-MS-APIM-Tokens']))['$ConnectionKey']"}}},"GameServer_-_Active":{"runAfter":{"GameServer_-_GameData_-_Default_view":["Succeeded"]},"metadata":{"flowSystemMetadata":{"swaggerOperationId":"HttpRequest"}},"type":"ApiConnection","inputs":{"host":{"connection":{"name":"@json(decodeBase64(triggerOutputs().headers['X-MS-APIM-Tokens']))['$connections']['shared_sharepointonline']['connectionId']"},"api":{"runtimeUrl":"https://flow-apim-msmanaged-na-centralus-01.azure-apim.net/apim/sharepointonline"}},"method":"post","body":{"method":"POST","uri":"_api/lists/getbytitle('@{outputs('GameServer_-_Name')}')/fields","headers":{"Accept":"application/json;odata=verbose","Content-Type":"application/json;odata=verbose"},"body":"{\n    '__metadata': {'type':'SP.FieldText', 'addToDefaultView': 'true' },\n    'FieldTypeKind': 1,\n    'Title': 'Active'\n}"},"path":"/datasets/@{encodeURIComponent(encodeURIComponent(variables('varSitePrefix')))}/httprequest","authentication":{"type":"Raw","value":"@json(decodeBase64(triggerOutputs().headers['X-MS-APIM-Tokens']))['$ConnectionKey']"}}},"GameServer_-_AppId_-_Default_view":{"runAfter":{"GameServer_-_AppId":["Succeeded"]},"metadata":{"flowSystemMetadata":{"swaggerOperationId":"HttpRequest"}},"type":"ApiConnection","inputs":{"host":{"connection":{"name":"@json(decodeBase64(triggerOutputs().headers['X-MS-APIM-Tokens']))['$connections']['shared_sharepointonline']['connectionId']"},"api":{"runtimeUrl":"https://flow-apim-msmanaged-na-centralus-01.azure-apim.net/apim/sharepointonline"}},"method":"post","body":{"method":"POST","uri":"_api/web/lists/GetByTitle('@{outputs('GameServer_-_Name')}')/views/getbytitle('All Items')/ViewFields/AddViewField('AppId')","headers":{"Accept":"application/json;odata=verbose","Content-Type":"application/json;odata=verbose"}},"path":"/datasets/@{encodeURIComponent(encodeURIComponent(variables('varSitePrefix')))}/httprequest","authentication":{"type":"Raw","value":"@json(decodeBase64(triggerOutputs().headers['X-MS-APIM-Tokens']))['$ConnectionKey']"}}},"GameServer_-_Host_-_Default_view":{"runAfter":{"GameServer_-_Host":["Succeeded"]},"metadata":{"flowSystemMetadata":{"swaggerOperationId":"HttpRequest"}},"type":"ApiConnection","inputs":{"host":{"connection":{"name":"@json(decodeBase64(triggerOutputs().headers['X-MS-APIM-Tokens']))['$connections']['shared_sharepointonline']['connectionId']"},"api":{"runtimeUrl":"https://flow-apim-msmanaged-na-centralus-01.azure-apim.net/apim/sharepointonline"}},"method":"post","body":{"method":"POST","uri":"_api/web/lists/GetByTitle('@{outputs('GameServer_-_Name')}')/views/getbytitle('All Items')/ViewFields/AddViewField('Host')","headers":{"Accept":"application/json;odata=verbose","Content-Type":"application/json;odata=verbose"}},"path":"/datasets/@{encodeURIComponent(encodeURIComponent(variables('varSitePrefix')))}/httprequest","authentication":{"type":"Raw","value":"@json(decodeBase64(triggerOutputs().headers['X-MS-APIM-Tokens']))['$ConnectionKey']"}}},"GameServer_-_Players_-_Default_view":{"runAfter":{"GameServer_-_Players":["Succeeded"]},"metadata":{"flowSystemMetadata":{"swaggerOperationId":"HttpRequest"}},"type":"ApiConnection","inputs":{"host":{"connection":{"name":"@json(decodeBase64(triggerOutputs().headers['X-MS-APIM-Tokens']))['$connections']['shared_sharepointonline']['connectionId']"},"api":{"runtimeUrl":"https://flow-apim-msmanaged-na-centralus-01.azure-apim.net/apim/sharepointonline"}},"method":"post","body":{"method":"POST","uri":"_api/web/lists/GetByTitle('@{outputs('GameServer_-_Name')}')/views/getbytitle('All Items')/ViewFields/AddViewField('Players')","headers":{"Accept":"application/json;odata=verbose","Content-Type":"application/json;odata=verbose"}},"path":"/datasets/@{encodeURIComponent(encodeURIComponent(variables('varSitePrefix')))}/httprequest","authentication":{"type":"Raw","value":"@json(decodeBase64(triggerOutputs().headers['X-MS-APIM-Tokens']))['$ConnectionKey']"}}},"GameServer_-_ActivePlayer_-_Default_view":{"runAfter":{"GameServer_-_ActivePlayer":["Succeeded"]},"metadata":{"flowSystemMetadata":{"swaggerOperationId":"HttpRequest"}},"type":"ApiConnection","inputs":{"host":{"connection":{"name":"@json(decodeBase64(triggerOutputs().headers['X-MS-APIM-Tokens']))['$connections']['shared_sharepointonline']['connectionId']"},"api":{"runtimeUrl":"https://flow-apim-msmanaged-na-centralus-01.azure-apim.net/apim/sharepointonline"}},"method":"post","body":{"method":"POST","uri":"_api/web/lists/GetByTitle('@{outputs('GameServer_-_Name')}')/views/getbytitle('All Items')/ViewFields/AddViewField('ActivePlayer')","headers":{"Accept":"application/json;odata=verbose","Content-Type":"application/json;odata=verbose"}},"path":"/datasets/@{encodeURIComponent(encodeURIComponent(variables('varSitePrefix')))}/httprequest","authentication":{"type":"Raw","value":"@json(decodeBase64(triggerOutputs().headers['X-MS-APIM-Tokens']))['$ConnectionKey']"}}},"GameServer_-_GameData_-_Default_view":{"runAfter":{"GameServer_-_GameData":["Succeeded"]},"metadata":{"flowSystemMetadata":{"swaggerOperationId":"HttpRequest"}},"type":"ApiConnection","inputs":{"host":{"connection":{"name":"@json(decodeBase64(triggerOutputs().headers['X-MS-APIM-Tokens']))['$connections']['shared_sharepointonline']['connectionId']"},"api":{"runtimeUrl":"https://flow-apim-msmanaged-na-centralus-01.azure-apim.net/apim/sharepointonline"}},"method":"post","body":{"method":"POST","uri":"_api/web/lists/GetByTitle('@{outputs('GameServer_-_Name')}')/views/getbytitle('All Items')/ViewFields/AddViewField('GameData')","headers":{"Accept":"application/json;odata=verbose","Content-Type":"application/json;odata=verbose"}},"path":"/datasets/@{encodeURIComponent(encodeURIComponent(variables('varSitePrefix')))}/httprequest","authentication":{"type":"Raw","value":"@json(decodeBase64(triggerOutputs().headers['X-MS-APIM-Tokens']))['$ConnectionKey']"}}},"GameServer_-_Active_-_Default_view":{"runAfter":{"GameServer_-_Active":["Succeeded"]},"metadata":{"flowSystemMetadata":{"swaggerOperationId":"HttpRequest"}},"type":"ApiConnection","inputs":{"host":{"connection":{"name":"@json(decodeBase64(triggerOutputs().headers['X-MS-APIM-Tokens']))['$connections']['shared_sharepointonline']['connectionId']"},"api":{"runtimeUrl":"https://flow-apim-msmanaged-na-centralus-01.azure-apim.net/apim/sharepointonline"}},"method":"post","body":{"method":"POST","uri":"_api/web/lists/GetByTitle('@{outputs('GameServer_-_Name')}')/views/getbytitle('All Items')/ViewFields/AddViewField('Active')","headers":{"Accept":"application/json;odata=verbose","Content-Type":"application/json;odata=verbose"}},"path":"/datasets/@{encodeURIComponent(encodeURIComponent(variables('varSitePrefix')))}/httprequest","authentication":{"type":"Raw","value":"@json(decodeBase64(triggerOutputs().headers['X-MS-APIM-Tokens']))['$ConnectionKey']"}}}},"runAfter":{"Scope_-_GameList":["Succeeded"]},"type":"Scope"},"Scope_-_GamePlayerData":{"actions":{"GamePlayerData_-_AppId":{"runAfter":{"GamePlayerData":["Succeeded"]},"metadata":{"flowSystemMetadata":{"swaggerOperationId":"HttpRequest"}},"type":"ApiConnection","inputs":{"host":{"connection":{"name":"@json(decodeBase64(triggerOutputs().headers['X-MS-APIM-Tokens']))['$connections']['shared_sharepointonline']['connectionId']"},"api":{"runtimeUrl":"https://flow-apim-msmanaged-na-centralus-01.azure-apim.net/apim/sharepointonline"}},"method":"post","body":{"method":"POST","uri":"_api/lists/getbytitle('@{outputs('GamePlayerData_-_Name')}')/fields","headers":{"Accept":"application/json;odata=verbose","Content-Type":"application/json;odata=verbose"},"body":"{\n    '__metadata': {'type':'SP.FieldText', 'addToDefaultView': 'true' },\n    'FieldTypeKind': 2,\n    'Title': 'AppId'\n}"},"path":"/datasets/@{encodeURIComponent(encodeURIComponent(variables('varSitePrefix')))}/httprequest","authentication":{"type":"Raw","value":"@json(decodeBase64(triggerOutputs().headers['X-MS-APIM-Tokens']))['$ConnectionKey']"}}},"GamePlayerData_-_Name":{"runAfter":{},"type":"Compose","inputs":"GamePlayerData"},"GamePlayerData":{"runAfter":{"GamePlayerData_-_Name":["Succeeded"]},"metadata":{"flowSystemMetadata":{"swaggerOperationId":"HttpRequest"}},"type":"ApiConnection","inputs":{"host":{"connection":{"name":"@json(decodeBase64(triggerOutputs().headers['X-MS-APIM-Tokens']))['$connections']['shared_sharepointonline']['connectionId']"},"api":{"runtimeUrl":"https://flow-apim-msmanaged-na-centralus-01.azure-apim.net/apim/sharepointonline"}},"method":"post","body":{"method":"POST","uri":"/_api/web/lists","headers":{"Accept":"application/json;odata=verbose","Content-Type":"application/json;odata=verbose"},"body":"{\n  \"__metadata\": {\"type\": \"SP.List\"},\n  \"AllowContentTypes\": true,\n  \"BaseTemplate\": 100,\n \"Description\": \"List of all hosted games\",\n \"Title\": \"@{outputs('GamePlayerData_-_Name')}\"\n}"},"path":"/datasets/@{encodeURIComponent(encodeURIComponent(variables('varSitePrefix')))}/httprequest","authentication":{"type":"Raw","value":"@json(decodeBase64(triggerOutputs().headers['X-MS-APIM-Tokens']))['$ConnectionKey']"}}},"GamePlayerData_-_MatchId":{"runAfter":{"GamePlayerData_-_AppId_-_Default_view":["Succeeded"]},"metadata":{"flowSystemMetadata":{"swaggerOperationId":"HttpRequest"}},"type":"ApiConnection","inputs":{"host":{"connection":{"name":"@json(decodeBase64(triggerOutputs().headers['X-MS-APIM-Tokens']))['$connections']['shared_sharepointonline']['connectionId']"},"api":{"runtimeUrl":"https://flow-apim-msmanaged-na-centralus-01.azure-apim.net/apim/sharepointonline"}},"method":"post","body":{"method":"POST","uri":"_api/lists/getbytitle('@{outputs('GamePlayerData_-_Name')}')/fields","headers":{"Accept":"application/json;odata=verbose","Content-Type":"application/json;odata=verbose"},"body":"{\n    '__metadata': {'type':'SP.FieldText', 'addToDefaultView': 'true' },\n    'FieldTypeKind': 1,\n    'Title': 'MatchId'\n}"},"path":"/datasets/@{encodeURIComponent(encodeURIComponent(variables('varSitePrefix')))}/httprequest","authentication":{"type":"Raw","value":"@json(decodeBase64(triggerOutputs().headers['X-MS-APIM-Tokens']))['$ConnectionKey']"}}},"GamePlayerData_-_PlayerId":{"runAfter":{"GamePlayerData_-_MatchId_-_Default_view":["Succeeded"]},"metadata":{"flowSystemMetadata":{"swaggerOperationId":"HttpRequest"}},"type":"ApiConnection","inputs":{"host":{"connection":{"name":"@json(decodeBase64(triggerOutputs().headers['X-MS-APIM-Tokens']))['$connections']['shared_sharepointonline']['connectionId']"},"api":{"runtimeUrl":"https://flow-apim-msmanaged-na-centralus-01.azure-apim.net/apim/sharepointonline"}},"method":"post","body":{"method":"POST","uri":"_api/lists/getbytitle('@{outputs('GamePlayerData_-_Name')}')/fields","headers":{"Accept":"application/json;odata=verbose","Content-Type":"application/json;odata=verbose"},"body":"{\n    '__metadata': {'type':'SP.FieldText', 'addToDefaultView': 'true' },\n    'FieldTypeKind': 2,\n    'Title': 'PlayerId'\n}"},"path":"/datasets/@{encodeURIComponent(encodeURIComponent(variables('varSitePrefix')))}/httprequest","authentication":{"type":"Raw","value":"@json(decodeBase64(triggerOutputs().headers['X-MS-APIM-Tokens']))['$ConnectionKey']"}}},"GamePlayerData_-_PlayerData":{"runAfter":{"GamePlayerData_-_PlayerId_-_Default_view":["Succeeded"]},"metadata":{"flowSystemMetadata":{"swaggerOperationId":"HttpRequest"}},"type":"ApiConnection","inputs":{"host":{"connection":{"name":"@json(decodeBase64(triggerOutputs().headers['X-MS-APIM-Tokens']))['$connections']['shared_sharepointonline']['connectionId']"},"api":{"runtimeUrl":"https://flow-apim-msmanaged-na-centralus-01.azure-apim.net/apim/sharepointonline"}},"method":"post","body":{"method":"POST","uri":"_api/lists/getbytitle('@{outputs('GamePlayerData_-_Name')}')/fields","headers":{"Accept":"application/json;odata=verbose","Content-Type":"application/json;odata=verbose"},"body":"{\n    '__metadata': {'type':'SP.FieldText', 'addToDefaultView': 'true' },\n    'FieldTypeKind': 3,\n    'Title': 'PlayerData'\n}"},"path":"/datasets/@{encodeURIComponent(encodeURIComponent(variables('varSitePrefix')))}/httprequest","authentication":{"type":"Raw","value":"@json(decodeBase64(triggerOutputs().headers['X-MS-APIM-Tokens']))['$ConnectionKey']"}}},"GamePlayerData_-_AppId_-_Default_view":{"runAfter":{"GamePlayerData_-_AppId":["Succeeded"]},"metadata":{"flowSystemMetadata":{"swaggerOperationId":"HttpRequest"}},"type":"ApiConnection","inputs":{"host":{"connection":{"name":"@json(decodeBase64(triggerOutputs().headers['X-MS-APIM-Tokens']))['$connections']['shared_sharepointonline']['connectionId']"},"api":{"runtimeUrl":"https://flow-apim-msmanaged-na-centralus-01.azure-apim.net/apim/sharepointonline"}},"method":"post","body":{"method":"POST","uri":"_api/web/lists/GetByTitle('@{outputs('GamePlayerData_-_Name')}')/views/getbytitle('All Items')/ViewFields/AddViewField('AppId')","headers":{"Accept":"application/json;odata=verbose","Content-Type":"application/json;odata=verbose"}},"path":"/datasets/@{encodeURIComponent(encodeURIComponent(variables('varSitePrefix')))}/httprequest","authentication":{"type":"Raw","value":"@json(decodeBase64(triggerOutputs().headers['X-MS-APIM-Tokens']))['$ConnectionKey']"}}},"GamePlayerData_-_MatchId_-_Default_view":{"runAfter":{"GamePlayerData_-_MatchId":["Succeeded"]},"metadata":{"flowSystemMetadata":{"swaggerOperationId":"HttpRequest"}},"type":"ApiConnection","inputs":{"host":{"connection":{"name":"@json(decodeBase64(triggerOutputs().headers['X-MS-APIM-Tokens']))['$connections']['shared_sharepointonline']['connectionId']"},"api":{"runtimeUrl":"https://flow-apim-msmanaged-na-centralus-01.azure-apim.net/apim/sharepointonline"}},"method":"post","body":{"method":"POST","uri":"_api/web/lists/GetByTitle('@{outputs('GamePlayerData_-_Name')}')/views/getbytitle('All Items')/ViewFields/AddViewField('MatchId')","headers":{"Accept":"application/json;odata=verbose","Content-Type":"application/json;odata=verbose"}},"path":"/datasets/@{encodeURIComponent(encodeURIComponent(variables('varSitePrefix')))}/httprequest","authentication":{"type":"Raw","value":"@json(decodeBase64(triggerOutputs().headers['X-MS-APIM-Tokens']))['$ConnectionKey']"}}},"GamePlayerData_-_PlayerId_-_Default_view":{"runAfter":{"GamePlayerData_-_PlayerId":["Succeeded"]},"metadata":{"flowSystemMetadata":{"swaggerOperationId":"HttpRequest"}},"type":"ApiConnection","inputs":{"host":{"connection":{"name":"@json(decodeBase64(triggerOutputs().headers['X-MS-APIM-Tokens']))['$connections']['shared_sharepointonline']['connectionId']"},"api":{"runtimeUrl":"https://flow-apim-msmanaged-na-centralus-01.azure-apim.net/apim/sharepointonline"}},"method":"post","body":{"method":"POST","uri":"_api/web/lists/GetByTitle('@{outputs('GamePlayerData_-_Name')}')/views/getbytitle('All Items')/ViewFields/AddViewField('PlayerId')","headers":{"Accept":"application/json;odata=verbose","Content-Type":"application/json;odata=verbose"}},"path":"/datasets/@{encodeURIComponent(encodeURIComponent(variables('varSitePrefix')))}/httprequest","authentication":{"type":"Raw","value":"@json(decodeBase64(triggerOutputs().headers['X-MS-APIM-Tokens']))['$ConnectionKey']"}}},"GamePlayerData_-_PlayerData_-_Default_view":{"runAfter":{"GamePlayerData_-_PlayerData":["Succeeded"]},"metadata":{"flowSystemMetadata":{"swaggerOperationId":"HttpRequest"}},"type":"ApiConnection","inputs":{"host":{"connection":{"name":"@json(decodeBase64(triggerOutputs().headers['X-MS-APIM-Tokens']))['$connections']['shared_sharepointonline']['connectionId']"},"api":{"runtimeUrl":"https://flow-apim-msmanaged-na-centralus-01.azure-apim.net/apim/sharepointonline"}},"method":"post","body":{"method":"POST","uri":"_api/web/lists/GetByTitle('@{outputs('GamePlayerData_-_Name')}')/views/getbytitle('All Items')/ViewFields/AddViewField('PlayerData')","headers":{"Accept":"application/json;odata=verbose","Content-Type":"application/json;odata=verbose"}},"path":"/datasets/@{encodeURIComponent(encodeURIComponent(variables('varSitePrefix')))}/httprequest","authentication":{"type":"Raw","value":"@json(decodeBase64(triggerOutputs().headers['X-MS-APIM-Tokens']))['$ConnectionKey']"}}}},"runAfter":{"Scope_-_GameServer":["Succeeded"]},"type":"Scope"}}},"connectionReferences":{"shared_sharepointonline":{"connectionName":"0650b3398bf54935ad008d98ff4568ce","source":"Invoker","id":"/providers/Microsoft.PowerApps/apis/shared_sharepointonline","tier":"NotSpecified"}},"flowFailureAlertSubscribed":false}}